-- phpMyAdmin SQL Dump
-- version 4.8.5
-- https://www.phpmyadmin.net/
--
-- 主机： 127.0.0.1:3306
-- 生成日期： 2019-08-27 08:31:21
-- 服务器版本： 5.7.26
-- PHP 版本： 7.3.5

SET SQL_MODE = "NO_AUTO_VALUE_ON_ZERO";
SET AUTOCOMMIT = 0;
START TRANSACTION;
SET time_zone = "+00:00";


/*!40101 SET @OLD_CHARACTER_SET_CLIENT=@@CHARACTER_SET_CLIENT */;
/*!40101 SET @OLD_CHARACTER_SET_RESULTS=@@CHARACTER_SET_RESULTS */;
/*!40101 SET @OLD_COLLATION_CONNECTION=@@COLLATION_CONNECTION */;
/*!40101 SET NAMES utf8mb4 */;

--
-- 数据库： `blog`
--

-- --------------------------------------------------------

--
-- 表的结构 `blogs`
--

DROP TABLE IF EXISTS `blogs`;
CREATE TABLE IF NOT EXISTS `blogs` (
  `id` bigint(20) UNSIGNED NOT NULL AUTO_INCREMENT,
  `created_at` timestamp NULL DEFAULT NULL,
  `updated_at` timestamp NULL DEFAULT NULL,
  `content` varchar(200) COLLATE utf8mb4_unicode_ci NOT NULL,
  `user_id` int(11) NOT NULL,
  PRIMARY KEY (`id`),
  KEY `blogs_user_id_index` (`user_id`)
) ENGINE=MyISAM AUTO_INCREMENT=203 DEFAULT CHARSET=utf8mb4 COLLATE=utf8mb4_unicode_ci;

--
-- 转存表中的数据 `blogs`
--

INSERT INTO `blogs` (`id`, `created_at`, `updated_at`, `content`, `user_id`) VALUES
(1, '2019-08-21 22:17:33', '2019-08-21 22:17:33', 'Voluptatem ducimus ut officiis sit non. Vel sit ab sed ducimus.', 3),
(2, '2019-08-21 22:17:33', '2019-08-21 22:17:33', 'Ea quo minima possimus ipsa quod impedit est. Voluptas eos itaque voluptatem occaecati omnis.', 1),
(3, '2019-08-21 22:17:33', '2019-08-21 22:17:33', 'Perspiciatis qui totam ea adipisci illo maxime voluptatibus. Quo modi deserunt repudiandae labore.', 3),
(4, '2019-08-21 22:17:33', '2019-08-21 22:17:33', 'Consequatur earum molestias et eveniet et libero sapiente. Et aut quo veritatis error voluptas.', 3),
(5, '2019-08-21 22:17:33', '2019-08-21 22:17:33', 'Ad dolore sed reiciendis sint quam voluptas aliquam. Sunt molestias et quos fugiat eaque vitae.', 3),
(6, '2019-08-21 22:17:33', '2019-08-21 22:17:33', 'Dolore consequuntur nostrum omnis quia reiciendis. Sint quibusdam et aliquid ut.', 2),
(7, '2019-08-21 22:17:33', '2019-08-21 22:17:33', 'Quibusdam quos sequi sed aperiam. Facere est atque quos vitae esse rem est vel.', 1),
(8, '2019-08-21 22:17:33', '2019-08-21 22:17:33', 'Et incidunt eaque cumque. Iste vitae aut quis vero et tempore amet.', 1),
(9, '2019-08-21 22:17:33', '2019-08-21 22:17:33', 'Amet quisquam quibusdam quia autem commodi. Neque in voluptas aut dicta doloremque asperiores quia.', 2),
(10, '2019-08-21 22:17:33', '2019-08-21 22:17:33', 'Molestiae odio libero doloribus sed. At quod suscipit qui autem molestiae et inventore.', 1),
(11, '2019-08-21 22:17:33', '2019-08-21 22:17:33', 'Sint esse dignissimos sapiente debitis aut. Consequatur neque et nemo eaque maiores.', 2),
(12, '2019-08-21 22:17:33', '2019-08-21 22:17:33', 'Eos commodi similique veniam eum rem omnis nisi. Quo quos et molestias ea inventore enim.', 3),
(13, '2019-08-21 22:17:33', '2019-08-21 22:17:33', 'Ducimus facilis vel quam ut. Soluta laboriosam aut repellendus voluptas voluptatibus non autem.', 3),
(14, '2019-08-21 22:17:33', '2019-08-21 22:17:33', 'Ut fugit magnam ut nesciunt sit enim. Hic nemo voluptatem sed quisquam saepe laboriosam eius.', 1),
(15, '2019-08-21 22:17:33', '2019-08-21 22:17:33', 'Et et qui unde libero autem aut modi. Ex pariatur culpa a impedit illo.', 3),
(16, '2019-08-21 22:17:33', '2019-08-21 22:17:33', 'Et eligendi eaque beatae et et rem. Neque ad maiores magnam est. Cumque dolorem facilis nam nemo.', 2),
(17, '2019-08-21 22:17:33', '2019-08-21 22:17:33', 'Nesciunt in et dolores ut. Aut saepe assumenda odit est eaque.', 3),
(18, '2019-08-21 22:17:33', '2019-08-21 22:17:33', 'Deleniti doloremque unde et distinctio eum nostrum quam modi. Est doloremque quae iste dolore.', 2),
(19, '2019-08-21 22:17:33', '2019-08-21 22:17:33', 'Omnis quia porro odit quo. Inventore quia totam et qui eos. Voluptatem veritatis vel minus sit et.', 1),
(20, '2019-08-21 22:17:33', '2019-08-21 22:17:33', 'Et ab ut et debitis nulla dolor. Et autem natus ut inventore maxime voluptatem similique.', 3),
(21, '2019-08-21 22:17:33', '2019-08-21 22:17:33', 'Ut ipsam quod dolorem itaque quos explicabo. Dolore et unde labore aperiam quo.', 1),
(22, '2019-08-21 22:17:33', '2019-08-21 22:17:33', 'Voluptatem non mollitia ducimus. Rerum perferendis incidunt atque voluptatem voluptates quo.', 1),
(23, '2019-08-21 22:17:33', '2019-08-21 22:17:33', 'Autem sapiente accusamus quia. Labore iste repellendus error dolor magni est quo.', 3),
(24, '2019-08-21 22:17:33', '2019-08-21 22:17:33', 'Cum ut nisi veritatis. Ratione ut accusantium et. Cumque rerum qui atque.', 1),
(25, '2019-08-21 22:17:33', '2019-08-21 22:17:33', 'Optio laborum sed quidem et minus sed ut. Aut fugit quaerat perspiciatis suscipit et ratione.', 3),
(26, '2019-08-21 22:17:33', '2019-08-21 22:17:33', 'Alias reprehenderit rerum eos quibusdam molestiae et. Excepturi neque et ut rerum deserunt.', 3),
(27, '2019-08-21 22:17:33', '2019-08-21 22:17:33', 'Ea ut totam illum dolor ea sequi architecto. Ducimus ducimus ad voluptatem unde ut sunt.', 1),
(28, '2019-08-21 22:17:33', '2019-08-21 22:17:33', 'Dolorem sit quis laudantium et ut vel. Rerum tempora quam ut dolor.', 1),
(29, '2019-08-21 22:17:33', '2019-08-21 22:17:33', 'Doloremque voluptas illo unde. Voluptate et molestiae tempora velit quaerat blanditiis aut quod.', 3),
(30, '2019-08-21 22:17:33', '2019-08-21 22:17:33', 'Adipisci rem eos aut ipsum tempore. Molestiae nemo est labore.', 2),
(31, '2019-08-21 22:17:33', '2019-08-21 22:17:33', 'Dolores ipsum est totam repudiandae. Optio non nostrum eum velit.', 3),
(32, '2019-08-21 22:17:33', '2019-08-21 22:17:33', 'Qui laudantium consequuntur adipisci voluptatem illum. Qui in laudantium ea et.', 2),
(33, '2019-08-21 22:17:33', '2019-08-21 22:17:33', 'Possimus cum eum voluptatem nihil fugit in. Tempora qui harum est quidem maxime aut ratione.', 3),
(34, '2019-08-21 22:17:33', '2019-08-21 22:17:33', 'Illo veniam ullam aut earum. Odit sunt ratione ut ab alias consequatur. Et temporibus ex animi et.', 2),
(35, '2019-08-21 22:17:33', '2019-08-21 22:17:33', 'Aut aut quia quas. Magni eos dicta explicabo. Sit dolor eaque assumenda aut et et consequatur.', 2),
(36, '2019-08-21 22:17:33', '2019-08-21 22:17:33', 'Sunt autem aut laborum ea vel sequi totam. Quibusdam voluptatibus qui ab. Et culpa eos et mollitia.', 3),
(37, '2019-08-21 22:17:33', '2019-08-21 22:17:33', 'Dolorum eaque id dolores numquam facere possimus incidunt. Non dolor magni ipsam et non hic ad.', 1),
(38, '2019-08-21 22:17:33', '2019-08-21 22:17:33', 'Optio delectus amet sequi possimus numquam consequatur vero. Eveniet sint quas praesentium.', 1),
(39, '2019-08-21 22:17:33', '2019-08-21 22:17:33', 'Voluptatem eveniet vel in repellat asperiores vero. Earum ipsam qui voluptatem delectus.', 3),
(40, '2019-08-21 22:17:33', '2019-08-21 22:17:33', 'Velit autem nihil eos cum incidunt suscipit eos. Nam natus velit et cumque.', 2),
(41, '2019-08-21 22:17:33', '2019-08-21 22:17:33', 'Nostrum est dolores dolor libero odit. A asperiores dolore sapiente id harum officia.', 2),
(42, '2019-08-21 22:17:33', '2019-08-21 22:17:33', 'Aperiam ut et sit eum voluptates. Exercitationem eum harum repellat aut sequi praesentium.', 3),
(43, '2019-08-21 22:17:33', '2019-08-21 22:17:33', 'Quis quibusdam et aut et temporibus minus. Magni laborum eaque sequi omnis.', 2),
(44, '2019-08-21 22:17:33', '2019-08-21 22:17:33', 'Voluptates omnis qui voluptas sed. Enim voluptates esse nam in et dolor aut. Et in inventore ut.', 3),
(45, '2019-08-21 22:17:33', '2019-08-21 22:17:33', 'Temporibus in tempora sit labore. Sint qui dolores cupiditate. Quia optio ad ut laboriosam.', 2),
(46, '2019-08-21 22:17:33', '2019-08-21 22:17:33', 'Perspiciatis omnis fugit sunt facere minus. Illo aut ut fugit. Alias non fuga et laborum.', 3),
(47, '2019-08-21 22:17:33', '2019-08-21 22:17:33', 'Optio tempora ut at est ut et. Et minima autem rerum sed quia. Quaerat quas labore odio aliquam.', 3),
(48, '2019-08-21 22:17:33', '2019-08-21 22:17:33', 'Corrupti aspernatur eum culpa odio voluptatem. Dolores provident fugiat et dolorum vitae natus.', 2),
(49, '2019-08-21 22:17:33', '2019-08-21 22:17:33', 'Fugit velit ipsam adipisci sed. Doloribus provident porro ipsum dolor ea.', 1),
(50, '2019-08-21 22:17:33', '2019-08-21 22:17:33', 'Nobis delectus odio eum id in. Quod quia voluptatem modi dolor hic.', 1),
(51, '2019-08-21 22:17:33', '2019-08-21 22:17:33', 'Et consequatur quasi enim tempore nulla ut. Aut est perferendis suscipit corporis et.', 1),
(52, '2019-08-21 22:17:33', '2019-08-21 22:17:33', 'Quae magni a dolorum aut. Quo in tempore repudiandae qui odit qui harum. Officia libero enim nisi.', 3),
(53, '2019-08-21 22:17:33', '2019-08-21 22:17:33', 'Enim voluptas dolor hic. Animi blanditiis architecto officia id atque.', 3),
(54, '2019-08-21 22:17:33', '2019-08-21 22:17:33', 'Error excepturi et ipsa. Sed repellat eveniet est voluptatem autem totam laboriosam delectus.', 1),
(55, '2019-08-21 22:17:33', '2019-08-21 22:17:33', 'Perferendis culpa asperiores eius deleniti nostrum neque quos. Et voluptatem similique sed ut.', 3),
(56, '2019-08-21 22:17:33', '2019-08-21 22:17:33', 'Est facere possimus dolorem. Quis ut nemo qui explicabo. Doloremque quo excepturi blanditiis.', 1),
(57, '2019-08-21 22:17:33', '2019-08-21 22:17:33', 'Aliquam iusto praesentium at cumque. Sit qui modi veritatis in sit.', 3),
(58, '2019-08-21 22:17:33', '2019-08-21 22:17:33', 'Nobis maxime et enim facere reprehenderit vel totam. Quas ea sit nesciunt voluptatem mollitia.', 1),
(59, '2019-08-21 22:17:33', '2019-08-21 22:17:33', 'Possimus doloribus sed nihil voluptate qui sit. Omnis placeat adipisci exercitationem eum nisi.', 1),
(60, '2019-08-21 22:17:33', '2019-08-21 22:17:33', 'Ipsa fugiat aut quos architecto. Ut exercitationem culpa ipsum sint aut. Quia quos eos aut.', 2),
(61, '2019-08-21 22:17:33', '2019-08-21 22:17:33', 'Placeat porro optio sint nisi maxime. Ad repellendus tenetur quis deleniti ut.', 3),
(62, '2019-08-21 22:17:33', '2019-08-21 22:17:33', 'Quis nihil molestiae debitis totam veniam. In quod vel non omnis ea.', 1),
(63, '2019-08-21 22:17:33', '2019-08-21 22:17:33', 'Ab ut fuga quae ut quisquam. Dolores qui adipisci in magni ut facere unde.', 1),
(64, '2019-08-21 22:17:33', '2019-08-21 22:17:33', 'Omnis debitis porro at minus ipsa nostrum. Sapiente qui qui et molestias. Ut sunt voluptas numquam.', 1),
(65, '2019-08-21 22:17:33', '2019-08-21 22:17:33', 'Corrupti aperiam optio inventore. Dolorem alias voluptatibus qui. Sit aut et aliquam illum.', 1),
(66, '2019-08-21 22:17:33', '2019-08-21 22:17:33', 'Voluptatibus libero est et totam. Ipsa culpa ducimus placeat molestiae mollitia tenetur officia.', 1),
(67, '2019-08-21 22:17:33', '2019-08-21 22:17:33', 'Nesciunt alias occaecati cupiditate et voluptatem. Omnis dicta quia itaque vitae qui culpa alias.', 2),
(68, '2019-08-21 22:17:33', '2019-08-21 22:17:33', 'Atque saepe officia aliquid quis eos dignissimos accusamus. Dolorem delectus et quia.', 2),
(69, '2019-08-21 22:17:33', '2019-08-21 22:17:33', 'Ipsa consectetur qui quis hic. Omnis est in in. Vel id sapiente sunt fuga.', 3),
(70, '2019-08-21 22:17:33', '2019-08-21 22:17:33', 'Illum omnis est ipsam iste non quibusdam eius. Autem fuga recusandae minus recusandae est placeat.', 1),
(71, '2019-08-21 22:17:33', '2019-08-21 22:17:33', 'Dolores rerum aperiam laboriosam voluptas placeat et nihil cum. Ut facilis aperiam velit.', 3),
(72, '2019-08-21 22:17:33', '2019-08-21 22:17:33', 'Fuga mollitia quos quidem eligendi quae id vero. Officiis dolor aspernatur debitis quia.', 1),
(73, '2019-08-21 22:17:33', '2019-08-21 22:17:33', 'Id voluptatem corporis et placeat. Suscipit doloribus corrupti exercitationem alias veniam.', 1),
(74, '2019-08-21 22:17:33', '2019-08-21 22:17:33', 'Ea fugiat sint est quis incidunt. Aut id aut ut exercitationem.', 2),
(75, '2019-08-21 22:17:33', '2019-08-21 22:17:33', 'Doloribus eveniet non quisquam dolorum. Iste libero recusandae dolore reprehenderit omnis eos quae.', 3),
(76, '2019-08-21 22:17:33', '2019-08-21 22:17:33', 'Et porro error unde asperiores recusandae officia. Voluptas nesciunt accusantium iure omnis.', 1),
(77, '2019-08-21 22:17:33', '2019-08-21 22:17:33', 'Et eius et alias molestiae adipisci. Ipsa eum officiis magnam quos excepturi qui.', 2),
(78, '2019-08-21 22:17:33', '2019-08-21 22:17:33', 'Architecto repellat eos voluptatem dolorum. Aut ut quos sit qui nostrum porro.', 2),
(79, '2019-08-21 22:17:33', '2019-08-21 22:17:33', 'Eaque ut illum quia. Rem reiciendis natus sit porro quis porro culpa. Qui dicta fuga placeat aut.', 1),
(80, '2019-08-21 22:17:33', '2019-08-21 22:17:33', 'Nisi id qui amet et. Architecto ab voluptates qui facilis et aut. Ut non est dolorem sint.', 3),
(81, '2019-08-21 22:17:33', '2019-08-21 22:17:33', 'Non eius rerum voluptate ab. Culpa est consequuntur omnis atque. Deserunt in sint vel eos.', 2),
(82, '2019-08-21 22:17:33', '2019-08-21 22:17:33', 'Expedita voluptatum ut autem inventore. Aut recusandae non sit.', 3),
(83, '2019-08-21 22:17:33', '2019-08-21 22:17:33', 'Quis nobis id autem autem. Modi atque maiores exercitationem iure aliquid.', 3),
(84, '2019-08-21 22:17:33', '2019-08-21 22:17:33', 'Voluptas voluptatum voluptas quidem illum quo nobis error. Consequuntur culpa praesentium aut.', 3),
(85, '2019-08-21 22:17:33', '2019-08-21 22:17:33', 'Nobis nihil tempore quia autem. Tenetur corrupti quae est qui aut alias sit.', 2),
(86, '2019-08-21 22:17:33', '2019-08-21 22:17:33', 'Est qui quos voluptas molestias. Vel rerum eum aliquam non.', 2),
(87, '2019-08-21 22:17:33', '2019-08-21 22:17:33', 'Natus dolores non amet ut suscipit laborum ab. Hic voluptas unde earum ut voluptates.', 3),
(88, '2019-08-21 22:17:33', '2019-08-21 22:17:33', 'Sit aut quia reprehenderit nisi. Cum error ullam non voluptatem et.', 2),
(89, '2019-08-21 22:17:33', '2019-08-21 22:17:33', 'Fugiat autem ut veniam voluptatibus et asperiores modi. Sed atque repellendus ea aliquam delectus.', 3),
(90, '2019-08-21 22:17:33', '2019-08-21 22:17:33', 'Quod omnis quibusdam eligendi. Voluptas aut vitae assumenda repellat quo. Et culpa omnis quia.', 2),
(91, '2019-08-21 22:17:33', '2019-08-21 22:17:33', 'Nobis atque qui ut provident. Et non qui omnis enim placeat. Qui est hic aut et est maxime.', 3),
(92, '2019-08-21 22:17:33', '2019-08-21 22:17:33', 'Qui tenetur praesentium voluptates doloribus quam accusantium. Architecto rerum quo quod et.', 2),
(93, '2019-08-21 22:17:33', '2019-08-21 22:17:33', 'Quasi magnam ad fugiat est. Aliquam molestiae reiciendis blanditiis saepe.', 2),
(94, '2019-08-21 22:17:33', '2019-08-21 22:17:33', 'Aut optio et deserunt magni. Quae corrupti labore officiis ut. Nihil odio et et nemo culpa.', 1),
(95, '2019-08-21 22:17:33', '2019-08-21 22:17:33', 'Sed in a qui accusamus. Debitis consectetur porro impedit reiciendis.', 1),
(96, '2019-08-21 22:17:33', '2019-08-21 22:17:33', 'Ad eum atque aut veritatis ipsum. Deleniti eveniet laudantium error vel.', 1),
(97, '2019-08-21 22:17:33', '2019-08-21 22:17:33', 'Rerum labore totam consequatur ipsam aut qui. Magnam molestiae alias et non.', 2),
(98, '2019-08-21 22:17:33', '2019-08-21 22:17:33', 'Aut iste error consequatur sed. Et quod nemo eum est blanditiis ut. Qui maxime similique corrupti.', 3),
(99, '2019-08-21 22:17:33', '2019-08-21 22:17:33', 'Est voluptatem repudiandae dicta quia. Accusantium assumenda ab quidem dicta consequatur est eius.', 1),
(100, '2019-08-21 22:17:33', '2019-08-21 22:17:33', 'Sed vel placeat quo dolor officiis iste ut. Quia laboriosam qui eos impedit.', 3),
(101, '2019-08-21 22:17:33', '2019-08-21 22:17:33', 'Nisi beatae ullam autem est tenetur qui nihil. Corporis voluptatem sequi temporibus sit quibusdam.', 2),
(102, '2019-08-21 22:17:33', '2019-08-21 22:17:33', 'Quia quae quisquam eius deserunt autem. Vitae maiores et assumenda sit.', 3),
(103, '2019-08-21 22:17:33', '2019-08-21 22:17:33', 'Et nihil sit non sit aut omnis omnis at. Quia odit iste aut sint ducimus.', 2),
(104, '2019-08-21 22:17:33', '2019-08-21 22:17:33', 'Quos quas accusamus molestiae. Dolorem vel ab quos officia. Blanditiis fugiat error saepe aliquid.', 2),
(105, '2019-08-21 22:17:33', '2019-08-21 22:17:33', 'Nesciunt corporis quidem et impedit maiores aut inventore. Aspernatur nam aut culpa deleniti fugit.', 2),
(106, '2019-08-21 22:17:33', '2019-08-21 22:17:33', 'Ipsam sint omnis minima ipsum. Aliquid inventore voluptatem corporis mollitia. Quo fugiat qui enim.', 3),
(107, '2019-08-21 22:17:33', '2019-08-21 22:17:33', 'Iusto impedit nihil repellendus dicta. Ut sunt impedit voluptatibus illo explicabo porro.', 2),
(108, '2019-08-21 22:17:33', '2019-08-21 22:17:33', 'Sint illum veniam ut consequatur corrupti. Veritatis qui impedit nobis.', 2),
(109, '2019-08-21 22:17:33', '2019-08-21 22:17:33', 'Explicabo facilis possimus ratione repudiandae. Ut aspernatur pariatur quia repellat totam impedit.', 3),
(110, '2019-08-21 22:17:33', '2019-08-21 22:17:33', 'Voluptatem dolorem non consequatur. Vel veritatis molestiae et incidunt. Quo odio sit ea ut.', 3),
(111, '2019-08-21 22:17:33', '2019-08-21 22:17:33', 'Cupiditate veritatis nisi nemo. Dolores commodi eos maiores. Quaerat quaerat ut ut rem saepe.', 2),
(112, '2019-08-21 22:17:33', '2019-08-21 22:17:33', 'Ducimus deleniti dolor sit consequuntur. Ut et quo deserunt animi sit beatae aspernatur mollitia.', 2),
(113, '2019-08-21 22:17:33', '2019-08-21 22:17:33', 'Id qui corrupti assumenda ut. Expedita reprehenderit rem odit expedita consectetur eos.', 3),
(114, '2019-08-21 22:17:33', '2019-08-21 22:17:33', 'Nihil iure esse assumenda fugit id. In illum sint est earum. Odit voluptas praesentium veritatis.', 2),
(115, '2019-08-21 22:17:33', '2019-08-21 22:17:33', 'Tempora enim voluptatum quia ea velit nobis. Nulla facilis nobis culpa aut corporis.', 2),
(116, '2019-08-21 22:17:33', '2019-08-21 22:17:33', 'Rerum nesciunt beatae et aut sunt vel. Enim earum totam iusto tempore. Odio non saepe dolorum.', 3),
(117, '2019-08-21 22:17:33', '2019-08-21 22:17:33', 'Cum earum aut quis neque vitae quisquam numquam. Ex esse eum aut autem. Quo sit aut in mollitia.', 1),
(118, '2019-08-21 22:17:33', '2019-08-21 22:17:33', 'Nesciunt molestias officia voluptatum. Ut et autem ut minus.', 1),
(119, '2019-08-21 22:17:33', '2019-08-21 22:17:33', 'Possimus nesciunt et quia et et omnis. Deserunt deserunt cumque qui placeat.', 2),
(120, '2019-08-21 22:17:33', '2019-08-21 22:17:33', 'Eos cum odit qui natus culpa quidem aut est. Pariatur nihil dolore qui.', 2),
(121, '2019-08-21 22:17:33', '2019-08-21 22:17:33', 'Deleniti cum quos optio. Eos quam eos nobis ipsa. Nihil ut ut et reiciendis ut.', 3),
(122, '2019-08-21 22:17:33', '2019-08-21 22:17:33', 'Rerum maiores inventore eius voluptatem porro rerum non. Aspernatur velit doloremque laboriosam.', 2),
(123, '2019-08-21 22:17:33', '2019-08-21 22:17:33', 'Excepturi dolore consectetur fugit. Et quo qui deserunt dolorum dolores in.', 2),
(124, '2019-08-21 22:17:33', '2019-08-21 22:17:33', 'Aut iusto unde quia et ut. Enim dignissimos at et. Debitis et tempora blanditiis.', 2),
(125, '2019-08-21 22:17:33', '2019-08-21 22:17:33', 'Et consequatur laudantium itaque itaque et. Odio rerum aperiam qui quisquam qui.', 2),
(126, '2019-08-21 22:17:33', '2019-08-21 22:17:33', 'Dolor distinctio voluptatibus magnam. Tenetur blanditiis eius veritatis eum.', 3),
(127, '2019-08-21 22:17:33', '2019-08-21 22:17:33', 'Repudiandae blanditiis velit quam. Numquam aut atque quis.', 2),
(128, '2019-08-21 22:17:33', '2019-08-21 22:17:33', 'Sit minima error sed hic. Ut expedita suscipit itaque ut ut. Dolores molestias sunt sit.', 1),
(129, '2019-08-21 22:17:33', '2019-08-21 22:17:33', 'Odio aliquam et quod. Id sed vero officiis. Quo vel ipsa voluptas aut eaque velit.', 1),
(130, '2019-08-21 22:17:33', '2019-08-21 22:17:33', 'Voluptatem nesciunt eum ad facilis. Natus molestias voluptate accusamus ut et maiores.', 1),
(131, '2019-08-21 22:17:33', '2019-08-21 22:17:33', 'Ab animi maiores necessitatibus qui rerum. Fuga nisi quia fugit cumque voluptatem neque.', 2),
(132, '2019-08-21 22:17:33', '2019-08-21 22:17:33', 'Ut sed occaecati maxime inventore ratione delectus. Ea esse nobis enim.', 3),
(133, '2019-08-21 22:17:33', '2019-08-21 22:17:33', 'Possimus totam corrupti molestias pariatur fugiat. Dolorum culpa dolor itaque. Natus at odio est.', 1),
(134, '2019-08-21 22:17:33', '2019-08-21 22:17:33', 'Corrupti ex doloribus qui numquam cumque. Sit eveniet adipisci neque omnis earum repudiandae.', 2),
(135, '2019-08-21 22:17:33', '2019-08-21 22:17:33', 'Rem modi iusto est hic. Reprehenderit et ut quae.', 3),
(136, '2019-08-21 22:17:33', '2019-08-21 22:17:33', 'Nobis ipsum et eius possimus id est. Veniam nobis aut et debitis.', 2),
(137, '2019-08-21 22:17:33', '2019-08-21 22:17:33', 'Distinctio aut repudiandae id. Ut nisi optio iure ullam dolorem pariatur.', 1),
(138, '2019-08-21 22:17:33', '2019-08-21 22:17:33', 'Porro et eum aliquam qui quam. Labore fugit sit vitae ut alias. Saepe qui nihil amet in aut sed.', 1),
(139, '2019-08-21 22:17:33', '2019-08-21 22:17:33', 'Consequatur illo iure dicta et voluptas. Culpa deserunt rerum incidunt labore molestiae.', 1),
(140, '2019-08-21 22:17:33', '2019-08-21 22:17:33', 'Aperiam qui quis animi ipsa perferendis ut. Ullam impedit autem vitae. Magni nihil sed sunt.', 2),
(141, '2019-08-21 22:17:33', '2019-08-21 22:17:33', 'Et qui nesciunt nostrum accusantium cumque sit. Nostrum dolorum quia eligendi nisi ut modi impedit.', 2),
(142, '2019-08-21 22:17:33', '2019-08-21 22:17:33', 'Non deserunt sunt qui aliquam est alias delectus. Qui ex sit minima ipsum beatae atque sunt.', 1),
(143, '2019-08-21 22:17:33', '2019-08-21 22:17:33', 'Culpa et a sit assumenda. Quia quo ut voluptatem.', 3),
(144, '2019-08-21 22:17:33', '2019-08-21 22:17:33', 'Quos iusto et excepturi autem. Porro minima provident aperiam.', 1),
(145, '2019-08-21 22:17:33', '2019-08-21 22:17:33', 'Error ea nulla consequatur. Nemo id ut adipisci iste iste et.', 2),
(146, '2019-08-21 22:17:33', '2019-08-21 22:17:33', 'Eum qui eum perspiciatis provident quis fugit et. Dolor asperiores quis aut exercitationem.', 1),
(147, '2019-08-21 22:17:33', '2019-08-21 22:17:33', 'Rem illum non a quia. Cum vel perferendis aliquam assumenda.', 2),
(148, '2019-08-21 22:17:33', '2019-08-21 22:17:33', 'Dolor amet rerum sunt autem eos. Non laboriosam eaque nisi quia distinctio quia est quibusdam.', 1),
(149, '2019-08-21 22:17:33', '2019-08-21 22:17:33', 'Quisquam iure et eaque et occaecati. Earum optio voluptatem magnam officiis.', 3),
(150, '2019-08-21 22:17:33', '2019-08-21 22:17:33', 'Quia sed tenetur neque fugit vel. Eveniet placeat vitae praesentium. Magnam totam ut harum aliquid.', 2),
(151, '2019-08-21 22:17:33', '2019-08-21 22:17:33', 'Rem officiis nesciunt corrupti consequuntur totam rem. Tenetur nulla voluptatem omnis eum.', 1),
(152, '2019-08-21 22:17:33', '2019-08-21 22:17:33', 'Magni in itaque sit. Assumenda quae excepturi magnam harum sit ab. Ipsam sit et itaque non iure.', 2),
(153, '2019-08-21 22:17:33', '2019-08-21 22:17:33', 'Ad beatae quam quia id quos facilis. Aliquid incidunt architecto omnis et architecto nihil.', 3),
(154, '2019-08-21 22:17:33', '2019-08-21 22:17:33', 'Error sapiente et fugit quas doloribus deleniti eum mollitia. Et et saepe quas aut aut minus.', 3),
(155, '2019-08-21 22:17:33', '2019-08-21 22:17:33', 'Accusantium hic vel fuga. Aut impedit illo mollitia. Sint et fugit eum laborum.', 3),
(156, '2019-08-21 22:17:33', '2019-08-21 22:17:33', 'Voluptas voluptates sit quis. Facilis voluptatum quo enim quas consequatur ea reprehenderit.', 2),
(157, '2019-08-21 22:17:33', '2019-08-21 22:17:33', 'Commodi qui ad est omnis. Harum nulla voluptates neque et ipsam quisquam.', 3),
(158, '2019-08-21 22:17:33', '2019-08-21 22:17:33', 'Est excepturi amet totam iusto ipsam. A quasi et vel deleniti enim sunt.', 2),
(159, '2019-08-21 22:17:33', '2019-08-21 22:17:33', 'Saepe atque laborum ea error eum hic consectetur quia. Sed provident voluptatem quam saepe dolor.', 2),
(160, '2019-08-21 22:17:33', '2019-08-21 22:17:33', 'Odio ab consequatur non nobis. Aliquam natus sit ut ducimus. Rerum ipsa est officiis omnis.', 1),
(161, '2019-08-21 22:17:33', '2019-08-21 22:17:33', 'Atque nesciunt dolorum repellat amet. Inventore et tempora quia autem. Velit aut omnis eveniet id.', 3),
(162, '2019-08-21 22:17:33', '2019-08-21 22:17:33', 'Non cumque placeat sunt qui voluptatem aut dicta. Vitae quibusdam harum quia odio modi aut.', 3),
(163, '2019-08-21 22:17:33', '2019-08-21 22:17:33', 'Earum neque recusandae minus. Modi reprehenderit aspernatur occaecati.', 2),
(164, '2019-08-21 22:17:33', '2019-08-21 22:17:33', 'Voluptatum commodi ut dolorem excepturi. Placeat veniam et quis magni cupiditate vero ut.', 2),
(165, '2019-08-21 22:17:33', '2019-08-21 22:17:33', 'Est hic praesentium illum. Corrupti voluptatem eos consectetur nihil. Dicta consequatur rerum eius.', 2),
(166, '2019-08-21 22:17:33', '2019-08-21 22:17:33', 'Est odit praesentium iure laudantium. Eveniet autem quia sed culpa voluptatem sapiente.', 2),
(167, '2019-08-21 22:17:33', '2019-08-21 22:17:33', 'Ipsam voluptatum cupiditate et est aperiam. Odio sunt adipisci aliquam assumenda nemo.', 3),
(168, '2019-08-21 22:17:33', '2019-08-21 22:17:33', 'Labore ut cupiditate ullam. Incidunt mollitia dolorem molestiae corporis.', 1),
(169, '2019-08-21 22:17:33', '2019-08-21 22:17:33', 'Aut quis odit id. Aliquid sunt sint unde dolores aut.', 2),
(170, '2019-08-21 22:17:33', '2019-08-21 22:17:33', 'Recusandae sit et quia perferendis. Repellendus est nulla est qui. Aut quidem commodi aliquam odit.', 1),
(171, '2019-08-21 22:17:33', '2019-08-21 22:17:33', 'Perspiciatis consectetur atque quis rerum fugit est qui. Deserunt magni explicabo omnis qui sint.', 3),
(172, '2019-08-21 22:17:33', '2019-08-21 22:17:33', 'Pariatur et sequi aut aut non non reprehenderit. Qui nisi quo enim saepe ea dicta voluptas quis.', 2),
(173, '2019-08-21 22:17:33', '2019-08-21 22:17:33', 'Quidem nisi ea corrupti sed facilis. Laudantium corporis inventore labore.', 1),
(174, '2019-08-21 22:17:33', '2019-08-21 22:17:33', 'Unde aut mollitia a rem dolor. Aperiam eum fugiat molestiae id. Minus incidunt qui non quam quod.', 2),
(175, '2019-08-21 22:17:33', '2019-08-21 22:17:33', 'Aut eum laborum corporis optio aliquid. Qui et ut non.', 1),
(176, '2019-08-21 22:17:33', '2019-08-21 22:17:33', 'Autem eos maiores placeat libero quia voluptas. Aut quis expedita perferendis non corrupti rerum.', 2),
(177, '2019-08-21 22:17:33', '2019-08-21 22:17:33', 'Aperiam tenetur quidem doloremque id id a aliquid dolores. Nobis est sed iusto.', 1),
(178, '2019-08-21 22:17:33', '2019-08-21 22:17:33', 'Quia beatae odit quia eius quos. Optio odio dicta est quia sint maxime neque.', 3),
(179, '2019-08-21 22:17:33', '2019-08-21 22:17:33', 'Cumque est temporibus porro ad quia. Distinctio saepe sed debitis est eaque molestias quae.', 3),
(180, '2019-08-21 22:17:33', '2019-08-21 22:17:33', 'Sit et ut aut sunt. Libero voluptatibus rem vel cum. Vero dicta laudantium voluptatem.', 2),
(181, '2019-08-21 22:17:33', '2019-08-21 22:17:33', 'Eum itaque omnis iusto eius. Laudantium temporibus ut soluta quidem quam consequuntur.', 1),
(182, '2019-08-21 22:17:33', '2019-08-21 22:17:33', 'Asperiores voluptas et hic vitae. Et vel voluptates dolore occaecati qui.', 1),
(183, '2019-08-21 22:17:33', '2019-08-21 22:17:33', 'At vero dicta similique vel. Sed qui ut eum sit nobis sed. Ea dolores facere vitae sed hic.', 3),
(184, '2019-08-21 22:17:33', '2019-08-21 22:17:33', 'Unde culpa quaerat dolore aut. Eum dicta est qui omnis voluptatum occaecati repellendus quia.', 3),
(185, '2019-08-21 22:17:33', '2019-08-21 22:17:33', 'Voluptatibus libero occaecati molestiae sed ipsum quis. Hic autem expedita aliquam quas eum in est.', 2),
(186, '2019-08-21 22:17:33', '2019-08-21 22:17:33', 'Sequi debitis quos temporibus facilis earum. Sunt fugit sit aliquid.', 3),
(187, '2019-08-21 22:17:33', '2019-08-21 22:17:33', 'Ut odio explicabo tempora ab iure iste consequatur aut. Et est minima voluptatem omnis in.', 2),
(188, '2019-08-21 22:17:33', '2019-08-21 22:17:33', 'Necessitatibus est quia quia fugit et ipsam. Fugiat rerum quisquam dolorem est quis et in.', 2),
(189, '2019-08-21 22:17:33', '2019-08-21 22:17:33', 'Quia omnis enim iusto quis a. Sed sunt rerum eius sit inventore. Cumque sequi enim amet.', 2),
(190, '2019-08-21 22:17:33', '2019-08-21 22:17:33', 'Necessitatibus quam aut autem. Aliquam quam voluptas dolores deserunt. Ea sit modi pariatur nam.', 3),
(191, '2019-08-21 22:17:33', '2019-08-21 22:17:33', 'Dolore enim est error doloribus sit. Sit ullam autem recusandae quibusdam.', 1),
(192, '2019-08-21 22:17:33', '2019-08-21 22:17:33', 'Deleniti quod dolorum saepe at iste sunt. Repudiandae nemo eligendi corrupti non nemo cum.', 3),
(193, '2019-08-21 22:17:33', '2019-08-21 22:17:33', 'Ullam est aut iusto velit saepe pariatur itaque. Quo delectus voluptatem perspiciatis quis.', 3),
(194, '2019-08-21 22:17:33', '2019-08-21 22:17:33', 'A voluptate vel et tempore et. Est sit autem aut. Ad eveniet quidem quam officiis adipisci.', 3),
(195, '2019-08-21 22:17:33', '2019-08-21 22:17:33', 'Quod corporis deserunt cum. Voluptates amet sunt molestiae et.', 2),
(196, '2019-08-21 22:17:33', '2019-08-21 22:17:33', 'Molestiae voluptatibus aut vero nihil. Animi sint laborum voluptas.', 2),
(197, '2019-08-21 22:17:33', '2019-08-21 22:17:33', 'Consectetur nisi sunt in voluptatum et reiciendis. Dolores necessitatibus et vero est.', 2),
(198, '2019-08-21 22:17:33', '2019-08-21 22:17:33', 'Voluptas quas et distinctio ut. Fuga veritatis vel quo ducimus et fugit quae nisi.', 3),
(199, '2019-08-21 22:17:33', '2019-08-21 22:17:33', 'Amet illo eos ratione. Recusandae aut expedita aut est ea. Aut deserunt sunt rerum doloremque.', 3),
(200, '2019-08-21 22:17:33', '2019-08-21 22:17:33', 'Numquam id sit quas. Omnis sint accusamus atque et minus quae eaque.', 1),
(201, '2019-08-23 23:34:52', '2019-08-23 23:34:52', '图片', 1),
(202, '2019-08-23 23:36:46', '2019-08-23 23:36:46', '測試能否發送動態', 1);

-- --------------------------------------------------------

--
-- 表的结构 `follows`
--

DROP TABLE IF EXISTS `follows`;
CREATE TABLE IF NOT EXISTS `follows` (
  `id` bigint(20) UNSIGNED NOT NULL AUTO_INCREMENT,
  `user_id` int(11) NOT NULL,
  `follower` int(11) NOT NULL,
  `created_at` timestamp NULL DEFAULT NULL,
  `updated_at` timestamp NULL DEFAULT NULL,
  PRIMARY KEY (`id`)
) ENGINE=MyISAM AUTO_INCREMENT=16 DEFAULT CHARSET=utf8mb4 COLLATE=utf8mb4_unicode_ci;

--
-- 转存表中的数据 `follows`
--

INSERT INTO `follows` (`id`, `user_id`, `follower`, `created_at`, `updated_at`) VALUES
(13, 1, 1, '2019-08-21 23:03:59', '2019-08-21 23:03:59'),
(14, 2, 1, '2019-08-21 23:04:02', '2019-08-21 23:04:02'),
(15, 3, 1, '2019-08-21 23:32:03', '2019-08-21 23:32:03');

-- --------------------------------------------------------

--
-- 表的结构 `migrations`
--

DROP TABLE IF EXISTS `migrations`;
CREATE TABLE IF NOT EXISTS `migrations` (
  `id` int(10) UNSIGNED NOT NULL AUTO_INCREMENT,
  `migration` varchar(255) COLLATE utf8mb4_unicode_ci NOT NULL,
  `batch` int(11) NOT NULL,
  PRIMARY KEY (`id`)
) ENGINE=MyISAM AUTO_INCREMENT=51 DEFAULT CHARSET=utf8mb4 COLLATE=utf8mb4_unicode_ci;

--
-- 转存表中的数据 `migrations`
--

INSERT INTO `migrations` (`id`, `migration`, `batch`) VALUES
(47, '2014_10_12_000000_create_users_table', 1),
(48, '2014_10_12_100000_create_password_resets_table', 1),
(49, '2019_08_20_084410_create_blogs_table', 1),
(50, '2019_08_21_111139_create_table_follows', 1);

-- --------------------------------------------------------

--
-- 表的结构 `password_resets`
--

DROP TABLE IF EXISTS `password_resets`;
CREATE TABLE IF NOT EXISTS `password_resets` (
  `email` varchar(191) COLLATE utf8mb4_unicode_ci NOT NULL,
  `token` varchar(191) COLLATE utf8mb4_unicode_ci NOT NULL,
  `created_at` timestamp NULL DEFAULT NULL,
  KEY `password_resets_email_index` (`email`)
) ENGINE=MyISAM DEFAULT CHARSET=utf8mb4 COLLATE=utf8mb4_unicode_ci;

-- --------------------------------------------------------

--
-- 表的结构 `users`
--

DROP TABLE IF EXISTS `users`;
CREATE TABLE IF NOT EXISTS `users` (
  `id` bigint(20) UNSIGNED NOT NULL AUTO_INCREMENT,
  `name` varchar(191) COLLATE utf8mb4_unicode_ci NOT NULL,
  `email` varchar(191) COLLATE utf8mb4_unicode_ci NOT NULL,
  `email_token` varchar(191) COLLATE utf8mb4_unicode_ci NOT NULL,
  `email_active` tinyint(4) NOT NULL DEFAULT '0',
  `email_verified_at` timestamp NULL DEFAULT NULL,
  `password` varchar(191) COLLATE utf8mb4_unicode_ci NOT NULL,
  `is_admin` tinyint(4) NOT NULL DEFAULT '0',
  `remember_token` varchar(100) COLLATE utf8mb4_unicode_ci DEFAULT NULL,
  `created_at` timestamp NULL DEFAULT NULL,
  `updated_at` timestamp NULL DEFAULT NULL,
  PRIMARY KEY (`id`),
  UNIQUE KEY `users_email_unique` (`email`)
) ENGINE=MyISAM AUTO_INCREMENT=101 DEFAULT CHARSET=utf8mb4 COLLATE=utf8mb4_unicode_ci;

--
-- 转存表中的数据 `users`
--

INSERT INTO `users` (`id`, `name`, `email`, `email_token`, `email_active`, `email_verified_at`, `password`, `is_admin`, `remember_token`, `created_at`, `updated_at`) VALUES
(1, '夜笙', 'yszhang1996@outlook.com', 'wNhXyT3Clv', 0, '2019-08-21 22:17:33', '$2y$10$h40GrqhAY5KIOtnGsD8VueK8jPScrqhublGvgvlSBdVxTLeMaspci', 1, '2jPpT6Jwnn6Y2KcHFPuV24cSZl5EUp2vp4Eq6UZM01elK3Ofxp6KhRIBr9WJ', '2019-08-21 22:17:33', '2019-08-21 22:17:33'),
(2, '夜笙丶', '1111@qq.com', 'i1fXjUkR0t', 0, '2019-08-21 22:17:33', '$2y$10$9BPAfmLyYSg/d9kRszn/UucsgH7aZxDH7nis1GKbFOvKTeOV.SwyK', 0, 'Xx6JlRVAQJr87L8IqRHhR9G80eHXHDoFKgdZx0O355fqpG8d1CrMRAgo5dz9', '2019-08-21 22:17:33', '2019-08-21 22:17:33'),
(3, 'Concepcion Bernier', 'ewaters@example.org', '9JDhown6dE', 0, '2019-08-21 22:17:33', '$2y$10$92IXUNpkjO0rOQ5byMi.Ye4oKoEa3Ro9llC/.og/at2.uheWG/igi', 0, 'TmI1EWcwHA', '2019-08-21 22:17:33', '2019-08-21 22:17:33'),
(4, 'Adriel Lang', 'frederik.tromp@example.org', 'iM1aksJKxx', 0, '2019-08-21 22:17:33', '$2y$10$92IXUNpkjO0rOQ5byMi.Ye4oKoEa3Ro9llC/.og/at2.uheWG/igi', 0, 'HnThX91O3S', '2019-08-21 22:17:33', '2019-08-21 22:17:33'),
(5, 'Russell Greenholt', 'vkovacek@example.com', 'kJtf9EkJXs', 0, '2019-08-21 22:17:33', '$2y$10$92IXUNpkjO0rOQ5byMi.Ye4oKoEa3Ro9llC/.og/at2.uheWG/igi', 0, 'ewifqYbXcp', '2019-08-21 22:17:33', '2019-08-21 22:17:33'),
(6, 'Brannon Wiza Sr.', 'kuhlman.percy@example.net', 'uTS147zqDt', 0, '2019-08-21 22:17:33', '$2y$10$92IXUNpkjO0rOQ5byMi.Ye4oKoEa3Ro9llC/.og/at2.uheWG/igi', 0, 'QV8dIh3zEL', '2019-08-21 22:17:33', '2019-08-21 22:17:33'),
(7, 'Dr. Dolores VonRueden', 'bins.vivien@example.com', 'LkkLYac7ZK', 0, '2019-08-21 22:17:33', '$2y$10$92IXUNpkjO0rOQ5byMi.Ye4oKoEa3Ro9llC/.og/at2.uheWG/igi', 0, 'd54a48qiN0', '2019-08-21 22:17:33', '2019-08-21 22:17:33'),
(8, 'Dr. Janelle Erdman', 'ospencer@example.net', 'Xkygwqx0dI', 0, '2019-08-21 22:17:33', '$2y$10$92IXUNpkjO0rOQ5byMi.Ye4oKoEa3Ro9llC/.og/at2.uheWG/igi', 0, 'hp3YTxASEI', '2019-08-21 22:17:33', '2019-08-21 22:17:33'),
(9, 'Jade Tremblay', 'vfranecki@example.com', 'RAfJTUwJ3g', 0, '2019-08-21 22:17:33', '$2y$10$92IXUNpkjO0rOQ5byMi.Ye4oKoEa3Ro9llC/.og/at2.uheWG/igi', 0, 'hsXWxt4ptK', '2019-08-21 22:17:33', '2019-08-21 22:17:33'),
(10, 'Nella McClure', 'alessia.swaniawski@example.com', '4of60e78jl', 0, '2019-08-21 22:17:33', '$2y$10$92IXUNpkjO0rOQ5byMi.Ye4oKoEa3Ro9llC/.og/at2.uheWG/igi', 0, 'e2I62eNqfz', '2019-08-21 22:17:33', '2019-08-21 22:17:33'),
(11, 'Emery Wiegand', 'wchristiansen@example.org', 'LR7HrjWSLt', 0, '2019-08-21 22:17:33', '$2y$10$92IXUNpkjO0rOQ5byMi.Ye4oKoEa3Ro9llC/.og/at2.uheWG/igi', 0, 'yazP5uuNrV', '2019-08-21 22:17:33', '2019-08-21 22:17:33'),
(12, 'Shyann Luettgen', 'lenora.schaefer@example.org', 'UNzgXqqXAa', 0, '2019-08-21 22:17:33', '$2y$10$92IXUNpkjO0rOQ5byMi.Ye4oKoEa3Ro9llC/.og/at2.uheWG/igi', 0, 'xW7bDccI16', '2019-08-21 22:17:33', '2019-08-21 22:17:33'),
(13, 'Madelyn Waters', 'francesca33@example.com', 'hJf4X6zbOB', 0, '2019-08-21 22:17:33', '$2y$10$92IXUNpkjO0rOQ5byMi.Ye4oKoEa3Ro9llC/.og/at2.uheWG/igi', 0, '595ilMnwwu', '2019-08-21 22:17:33', '2019-08-21 22:17:33'),
(14, 'Alfreda Huel', 'nikko.schaden@example.org', 'hTXw1owCfT', 0, '2019-08-21 22:17:33', '$2y$10$92IXUNpkjO0rOQ5byMi.Ye4oKoEa3Ro9llC/.og/at2.uheWG/igi', 0, 'gi8buetgyR', '2019-08-21 22:17:33', '2019-08-21 22:17:33'),
(15, 'Leopoldo Anderson', 'mariana.hartmann@example.org', 'vAlwxlUHDb', 0, '2019-08-21 22:17:33', '$2y$10$92IXUNpkjO0rOQ5byMi.Ye4oKoEa3Ro9llC/.og/at2.uheWG/igi', 0, 'gNRi5eIRKc', '2019-08-21 22:17:33', '2019-08-21 22:17:33'),
(16, 'Jarvis Hegmann', 'hyatt.sharon@example.com', 'Tc7lGtT5Qm', 0, '2019-08-21 22:17:33', '$2y$10$92IXUNpkjO0rOQ5byMi.Ye4oKoEa3Ro9llC/.og/at2.uheWG/igi', 0, 'gZ6NkF4Je4', '2019-08-21 22:17:33', '2019-08-21 22:17:33'),
(17, 'Miss Earlene Ledner', 'mclaughlin.marisa@example.org', 'RnYhRPLpBw', 0, '2019-08-21 22:17:33', '$2y$10$92IXUNpkjO0rOQ5byMi.Ye4oKoEa3Ro9llC/.og/at2.uheWG/igi', 0, 'loyZu5EDPo', '2019-08-21 22:17:33', '2019-08-21 22:17:33'),
(18, 'Vallie Beer', 'gaston.jaskolski@example.org', 'b5KwjNBafM', 0, '2019-08-21 22:17:33', '$2y$10$92IXUNpkjO0rOQ5byMi.Ye4oKoEa3Ro9llC/.og/at2.uheWG/igi', 0, 'HnU4s34QXJ', '2019-08-21 22:17:33', '2019-08-21 22:17:33'),
(19, 'Llewellyn Bergnaum', 'eda16@example.com', 'n6tszUCVE4', 0, '2019-08-21 22:17:33', '$2y$10$92IXUNpkjO0rOQ5byMi.Ye4oKoEa3Ro9llC/.og/at2.uheWG/igi', 0, 'qulgTJ92hT', '2019-08-21 22:17:33', '2019-08-21 22:17:33'),
(20, 'Mrs. Erika Corkery', 'dashawn.reilly@example.com', '0ZaYggAIvE', 0, '2019-08-21 22:17:33', '$2y$10$92IXUNpkjO0rOQ5byMi.Ye4oKoEa3Ro9llC/.og/at2.uheWG/igi', 0, 'SKpXzflTlU', '2019-08-21 22:17:33', '2019-08-21 22:17:33'),
(21, 'Luella Dach', 'pedro12@example.net', '9hTEi9q9YU', 0, '2019-08-21 22:17:33', '$2y$10$92IXUNpkjO0rOQ5byMi.Ye4oKoEa3Ro9llC/.og/at2.uheWG/igi', 0, 'MnBSpr8vMb', '2019-08-21 22:17:33', '2019-08-21 22:17:33'),
(22, 'Karolann Strosin', 'uflatley@example.org', 'HdKqYS95dw', 0, '2019-08-21 22:17:33', '$2y$10$92IXUNpkjO0rOQ5byMi.Ye4oKoEa3Ro9llC/.og/at2.uheWG/igi', 0, 'ZiD6GZ2T8G', '2019-08-21 22:17:33', '2019-08-21 22:17:33'),
(23, 'Mr. Clay Beatty', 'otis.bins@example.net', 'YPKXoW183b', 0, '2019-08-21 22:17:33', '$2y$10$92IXUNpkjO0rOQ5byMi.Ye4oKoEa3Ro9llC/.og/at2.uheWG/igi', 0, '6zqypPwsEK', '2019-08-21 22:17:33', '2019-08-21 22:17:33'),
(24, 'Gonzalo Kuhn', 'hirthe.nyasia@example.org', 'tB5YbcnVH6', 0, '2019-08-21 22:17:33', '$2y$10$92IXUNpkjO0rOQ5byMi.Ye4oKoEa3Ro9llC/.og/at2.uheWG/igi', 0, 'UlnZzjO61g', '2019-08-21 22:17:33', '2019-08-21 22:17:33'),
(25, 'Mallie Larkin', 'troy29@example.net', 'DbZ9vGkvce', 0, '2019-08-21 22:17:33', '$2y$10$92IXUNpkjO0rOQ5byMi.Ye4oKoEa3Ro9llC/.og/at2.uheWG/igi', 0, 'a6FEgEtZd7', '2019-08-21 22:17:33', '2019-08-21 22:17:33'),
(26, 'Mr. Stan Schoen', 'robin.nitzsche@example.org', 'fpfRfqKhca', 0, '2019-08-21 22:17:33', '$2y$10$92IXUNpkjO0rOQ5byMi.Ye4oKoEa3Ro9llC/.og/at2.uheWG/igi', 0, 'RjmyUER5T5', '2019-08-21 22:17:33', '2019-08-21 22:17:33'),
(27, 'Katelyn Blanda', 'kaitlyn.grant@example.com', 'MSDOxBtjTA', 0, '2019-08-21 22:17:33', '$2y$10$92IXUNpkjO0rOQ5byMi.Ye4oKoEa3Ro9llC/.og/at2.uheWG/igi', 0, 'fqqZogdxQa', '2019-08-21 22:17:33', '2019-08-21 22:17:33'),
(28, 'Sandra Kiehn', 'bernita.torphy@example.com', 'c8Mu0AFmLx', 0, '2019-08-21 22:17:33', '$2y$10$92IXUNpkjO0rOQ5byMi.Ye4oKoEa3Ro9llC/.og/at2.uheWG/igi', 0, 'GelXPXbRUg', '2019-08-21 22:17:33', '2019-08-21 22:17:33'),
(29, 'Mrs. Eleanore Waters DVM', 'lessie.williamson@example.org', 'TId7b82UGA', 0, '2019-08-21 22:17:33', '$2y$10$92IXUNpkjO0rOQ5byMi.Ye4oKoEa3Ro9llC/.og/at2.uheWG/igi', 0, '9h8K9zT7W1', '2019-08-21 22:17:33', '2019-08-21 22:17:33'),
(30, 'Jeromy Kuhic', 'tmoore@example.com', 'LwFCvIOeqj', 0, '2019-08-21 22:17:33', '$2y$10$92IXUNpkjO0rOQ5byMi.Ye4oKoEa3Ro9llC/.og/at2.uheWG/igi', 0, 'hjPm9dMebJ', '2019-08-21 22:17:33', '2019-08-21 22:17:33'),
(31, 'Roel Rohan', 'fauer@example.net', 'cPAKBJTKsW', 0, '2019-08-21 22:17:33', '$2y$10$92IXUNpkjO0rOQ5byMi.Ye4oKoEa3Ro9llC/.og/at2.uheWG/igi', 0, 'GUskgGcGUS', '2019-08-21 22:17:33', '2019-08-21 22:17:33'),
(32, 'Prof. Cleve Reilly Jr.', 'nhickle@example.org', 'qETMThHFJk', 0, '2019-08-21 22:17:33', '$2y$10$92IXUNpkjO0rOQ5byMi.Ye4oKoEa3Ro9llC/.og/at2.uheWG/igi', 0, 'y8bMmhzJ0J', '2019-08-21 22:17:33', '2019-08-21 22:17:33'),
(33, 'Karine Hessel', 'marlin99@example.org', 'S2oIEQLvH9', 0, '2019-08-21 22:17:33', '$2y$10$92IXUNpkjO0rOQ5byMi.Ye4oKoEa3Ro9llC/.og/at2.uheWG/igi', 0, 'FhZOljGInJ', '2019-08-21 22:17:33', '2019-08-21 22:17:33'),
(34, 'Jakob Metz', 'nemard@example.net', 'uAOGDzLEgg', 0, '2019-08-21 22:17:33', '$2y$10$92IXUNpkjO0rOQ5byMi.Ye4oKoEa3Ro9llC/.og/at2.uheWG/igi', 0, 'yU34Svqgxk', '2019-08-21 22:17:33', '2019-08-21 22:17:33'),
(35, 'Josefina Douglas', 'reinhold71@example.org', 'bpa2vWf3iU', 0, '2019-08-21 22:17:33', '$2y$10$92IXUNpkjO0rOQ5byMi.Ye4oKoEa3Ro9llC/.og/at2.uheWG/igi', 0, 'B7NfF7ME83', '2019-08-21 22:17:33', '2019-08-21 22:17:33'),
(36, 'Sherman Greenfelder', 'schultz.janelle@example.com', '6PMKderCuh', 0, '2019-08-21 22:17:33', '$2y$10$92IXUNpkjO0rOQ5byMi.Ye4oKoEa3Ro9llC/.og/at2.uheWG/igi', 0, 'BvD9C9VaZR', '2019-08-21 22:17:33', '2019-08-21 22:17:33'),
(37, 'Dr. Jesse Mohr Sr.', 'qkiehn@example.net', 'OY7T8MXSVc', 0, '2019-08-21 22:17:33', '$2y$10$92IXUNpkjO0rOQ5byMi.Ye4oKoEa3Ro9llC/.og/at2.uheWG/igi', 0, 'aa27YmuKEe', '2019-08-21 22:17:33', '2019-08-21 22:17:33'),
(38, 'Mrs. Asia Klein', 'mtromp@example.org', 'UlYLCqnlXP', 0, '2019-08-21 22:17:33', '$2y$10$92IXUNpkjO0rOQ5byMi.Ye4oKoEa3Ro9llC/.og/at2.uheWG/igi', 0, 'lf9enfD47j', '2019-08-21 22:17:33', '2019-08-21 22:17:33'),
(39, 'Valerie Deckow V', 'mhayes@example.com', 'ep4KCnn2Et', 0, '2019-08-21 22:17:33', '$2y$10$92IXUNpkjO0rOQ5byMi.Ye4oKoEa3Ro9llC/.og/at2.uheWG/igi', 0, '6IcLNyw4oE', '2019-08-21 22:17:33', '2019-08-21 22:17:33'),
(40, 'Aryanna Zboncak', 'stephanie.sauer@example.net', 'RBZAvkRli2', 0, '2019-08-21 22:17:33', '$2y$10$92IXUNpkjO0rOQ5byMi.Ye4oKoEa3Ro9llC/.og/at2.uheWG/igi', 0, 'selQNxf30s', '2019-08-21 22:17:33', '2019-08-21 22:17:33'),
(41, 'Prof. Diana Langworth', 'lenore58@example.com', 'KC2OBRVlmo', 0, '2019-08-21 22:17:33', '$2y$10$92IXUNpkjO0rOQ5byMi.Ye4oKoEa3Ro9llC/.og/at2.uheWG/igi', 0, '74bt4cKEib', '2019-08-21 22:17:33', '2019-08-21 22:17:33'),
(42, 'Nikko Hand PhD', 'scottie.doyle@example.com', 'Wbm4f4Tsj1', 0, '2019-08-21 22:17:33', '$2y$10$92IXUNpkjO0rOQ5byMi.Ye4oKoEa3Ro9llC/.og/at2.uheWG/igi', 0, 'gVSqcNKcoD', '2019-08-21 22:17:33', '2019-08-21 22:17:33'),
(43, 'Rylan Heller', 'cletus10@example.com', 'lJhTPGNUsZ', 0, '2019-08-21 22:17:33', '$2y$10$92IXUNpkjO0rOQ5byMi.Ye4oKoEa3Ro9llC/.og/at2.uheWG/igi', 0, '7wVee8xTFd', '2019-08-21 22:17:33', '2019-08-21 22:17:33'),
(44, 'Wilma Goldner', 'adubuque@example.net', 'Lqaiyl8bZP', 0, '2019-08-21 22:17:33', '$2y$10$92IXUNpkjO0rOQ5byMi.Ye4oKoEa3Ro9llC/.og/at2.uheWG/igi', 0, 'JdFwgnwqLO', '2019-08-21 22:17:33', '2019-08-21 22:17:33'),
(45, 'Chasity Zboncak', 'roselyn.frami@example.org', 'VaRQesvxQ2', 0, '2019-08-21 22:17:33', '$2y$10$92IXUNpkjO0rOQ5byMi.Ye4oKoEa3Ro9llC/.og/at2.uheWG/igi', 0, 'mCpdClXtcc', '2019-08-21 22:17:33', '2019-08-21 22:17:33'),
(46, 'Ulices Willms', 'ryder.klein@example.net', 'TmhtOuB135', 0, '2019-08-21 22:17:33', '$2y$10$92IXUNpkjO0rOQ5byMi.Ye4oKoEa3Ro9llC/.og/at2.uheWG/igi', 0, 'z5CG4Zi1G6', '2019-08-21 22:17:33', '2019-08-21 22:17:33'),
(47, 'Ava Treutel', 'ohaley@example.org', 'cnmOWOl5LF', 0, '2019-08-21 22:17:33', '$2y$10$92IXUNpkjO0rOQ5byMi.Ye4oKoEa3Ro9llC/.og/at2.uheWG/igi', 0, 'ywWmyj3kXa', '2019-08-21 22:17:33', '2019-08-21 22:17:33'),
(48, 'Keyshawn Larson', 'mabelle.schneider@example.net', 'QTDFC9h4ih', 0, '2019-08-21 22:17:33', '$2y$10$92IXUNpkjO0rOQ5byMi.Ye4oKoEa3Ro9llC/.og/at2.uheWG/igi', 0, 'XBKSWyDkMN', '2019-08-21 22:17:33', '2019-08-21 22:17:33'),
(49, 'Adeline Hegmann', 'emcdermott@example.net', 'MdVnWxUxnE', 0, '2019-08-21 22:17:33', '$2y$10$92IXUNpkjO0rOQ5byMi.Ye4oKoEa3Ro9llC/.og/at2.uheWG/igi', 0, 'wCyCm2InfF', '2019-08-21 22:17:33', '2019-08-21 22:17:33'),
(50, 'Katelyn Jerde', 'destin.abshire@example.org', 'XPYaHeiy8L', 0, '2019-08-21 22:17:33', '$2y$10$92IXUNpkjO0rOQ5byMi.Ye4oKoEa3Ro9llC/.og/at2.uheWG/igi', 0, 'sJ8ygsLDOU', '2019-08-21 22:17:33', '2019-08-21 22:17:33'),
(51, 'Litzy Abshire', 'tyrell95@example.net', 'QfeY9HMsXL', 0, '2019-08-21 22:17:33', '$2y$10$92IXUNpkjO0rOQ5byMi.Ye4oKoEa3Ro9llC/.og/at2.uheWG/igi', 0, 'KO5biIfBgQ', '2019-08-21 22:17:33', '2019-08-21 22:17:33'),
(52, 'Art Koss', 'dschuster@example.net', 'QCbDBqC4uk', 0, '2019-08-21 22:17:33', '$2y$10$92IXUNpkjO0rOQ5byMi.Ye4oKoEa3Ro9llC/.og/at2.uheWG/igi', 0, '0QIKXR7m74', '2019-08-21 22:17:33', '2019-08-21 22:17:33'),
(53, 'Jessie Dickens', 'deion90@example.net', 'Ehfb10Xhol', 0, '2019-08-21 22:17:33', '$2y$10$92IXUNpkjO0rOQ5byMi.Ye4oKoEa3Ro9llC/.og/at2.uheWG/igi', 0, '8TzO1tJND1', '2019-08-21 22:17:33', '2019-08-21 22:17:33'),
(54, 'Mazie Fisher', 'stoltenberg.victoria@example.com', 'I5AUkUvtVj', 0, '2019-08-21 22:17:33', '$2y$10$92IXUNpkjO0rOQ5byMi.Ye4oKoEa3Ro9llC/.og/at2.uheWG/igi', 0, 'KqOF1yEDux', '2019-08-21 22:17:33', '2019-08-21 22:17:33'),
(55, 'Sarina Streich', 'amanda.harber@example.com', 'ya47mf3A5w', 0, '2019-08-21 22:17:33', '$2y$10$92IXUNpkjO0rOQ5byMi.Ye4oKoEa3Ro9llC/.og/at2.uheWG/igi', 0, 'RHKF7dXFze', '2019-08-21 22:17:33', '2019-08-21 22:17:33'),
(56, 'Jerry Wehner', 'wilfrid.pagac@example.net', 'fw9yQpK3LR', 0, '2019-08-21 22:17:33', '$2y$10$92IXUNpkjO0rOQ5byMi.Ye4oKoEa3Ro9llC/.og/at2.uheWG/igi', 0, 'n5aItnQ0hf', '2019-08-21 22:17:33', '2019-08-21 22:17:33'),
(57, 'Amos Kozey', 'wherman@example.org', 'pQ0qduNt1N', 0, '2019-08-21 22:17:33', '$2y$10$92IXUNpkjO0rOQ5byMi.Ye4oKoEa3Ro9llC/.og/at2.uheWG/igi', 0, 'W9fi8lVEsv', '2019-08-21 22:17:33', '2019-08-21 22:17:33'),
(58, 'Roger Gaylord II', 'reilly71@example.com', 'naVEkjHzX1', 0, '2019-08-21 22:17:33', '$2y$10$92IXUNpkjO0rOQ5byMi.Ye4oKoEa3Ro9llC/.og/at2.uheWG/igi', 0, 'BNGUP3W18k', '2019-08-21 22:17:33', '2019-08-21 22:17:33'),
(59, 'Arthur Pacocha', 'schowalter.julie@example.org', 'xZ2Ig21AkD', 0, '2019-08-21 22:17:33', '$2y$10$92IXUNpkjO0rOQ5byMi.Ye4oKoEa3Ro9llC/.og/at2.uheWG/igi', 0, 'IgdXSOrXkN', '2019-08-21 22:17:33', '2019-08-21 22:17:33'),
(60, 'Dalton Waelchi MD', 'margie.bailey@example.net', 'guI1Fwf3Vb', 0, '2019-08-21 22:17:33', '$2y$10$92IXUNpkjO0rOQ5byMi.Ye4oKoEa3Ro9llC/.og/at2.uheWG/igi', 0, 'nHEZ5wARCN', '2019-08-21 22:17:33', '2019-08-21 22:17:33'),
(61, 'Victor Cummings MD', 'joelle44@example.com', 'RGu1JnTYfP', 0, '2019-08-21 22:17:33', '$2y$10$92IXUNpkjO0rOQ5byMi.Ye4oKoEa3Ro9llC/.og/at2.uheWG/igi', 0, 'jvLL6bcmYW', '2019-08-21 22:17:33', '2019-08-21 22:17:33'),
(62, 'Lawson Harber', 'orin.fay@example.org', 'sHpReFABAf', 0, '2019-08-21 22:17:33', '$2y$10$92IXUNpkjO0rOQ5byMi.Ye4oKoEa3Ro9llC/.og/at2.uheWG/igi', 0, '6Nq6xy8ghK', '2019-08-21 22:17:33', '2019-08-21 22:17:33'),
(63, 'Alexis Smitham', 'verlie.buckridge@example.net', 'A6Pp2CuEMT', 0, '2019-08-21 22:17:33', '$2y$10$92IXUNpkjO0rOQ5byMi.Ye4oKoEa3Ro9llC/.og/at2.uheWG/igi', 0, 'dmBCNLzWSv', '2019-08-21 22:17:33', '2019-08-21 22:17:33'),
(64, 'Stephanie Bartoletti V', 'nlangosh@example.com', 'g2Rx5KFNhr', 0, '2019-08-21 22:17:33', '$2y$10$92IXUNpkjO0rOQ5byMi.Ye4oKoEa3Ro9llC/.og/at2.uheWG/igi', 0, 'ddujgKIWGZ', '2019-08-21 22:17:33', '2019-08-21 22:17:33'),
(65, 'Adella Stamm', 'wmoen@example.net', 'EIdJM8Jkx6', 0, '2019-08-21 22:17:33', '$2y$10$92IXUNpkjO0rOQ5byMi.Ye4oKoEa3Ro9llC/.og/at2.uheWG/igi', 0, 'GEqAbRsZfH', '2019-08-21 22:17:33', '2019-08-21 22:17:33'),
(66, 'Ms. Else Cronin II', 'hauer@example.com', 'wCTtT2Sblr', 0, '2019-08-21 22:17:33', '$2y$10$92IXUNpkjO0rOQ5byMi.Ye4oKoEa3Ro9llC/.og/at2.uheWG/igi', 0, 'w9VUZrCceQ', '2019-08-21 22:17:33', '2019-08-21 22:17:33'),
(67, 'Prof. Herminio Friesen', 'ghamill@example.net', 'P3ULmzUMI0', 0, '2019-08-21 22:17:33', '$2y$10$92IXUNpkjO0rOQ5byMi.Ye4oKoEa3Ro9llC/.og/at2.uheWG/igi', 0, 'z125EfxM5m', '2019-08-21 22:17:33', '2019-08-21 22:17:33'),
(68, 'Desmond Langworth MD', 'gbalistreri@example.org', 'tvB2dFf6tC', 0, '2019-08-21 22:17:33', '$2y$10$92IXUNpkjO0rOQ5byMi.Ye4oKoEa3Ro9llC/.og/at2.uheWG/igi', 0, 'DeqitsWfdT', '2019-08-21 22:17:33', '2019-08-21 22:17:33'),
(69, 'Annamarie Morissette', 'lcormier@example.net', 'xDy1HBXSgS', 0, '2019-08-21 22:17:33', '$2y$10$92IXUNpkjO0rOQ5byMi.Ye4oKoEa3Ro9llC/.og/at2.uheWG/igi', 0, 'iq3kx8ecZq', '2019-08-21 22:17:33', '2019-08-21 22:17:33'),
(70, 'Araceli Lakin', 'serenity.williamson@example.org', '6Bwl3YRoUf', 0, '2019-08-21 22:17:33', '$2y$10$92IXUNpkjO0rOQ5byMi.Ye4oKoEa3Ro9llC/.og/at2.uheWG/igi', 0, 'zcq7zdz8SS', '2019-08-21 22:17:33', '2019-08-21 22:17:33'),
(71, 'Lola Halvorson V', 'felicita.shanahan@example.com', 'KzmP9vBaiB', 0, '2019-08-21 22:17:33', '$2y$10$92IXUNpkjO0rOQ5byMi.Ye4oKoEa3Ro9llC/.og/at2.uheWG/igi', 0, 'BeHtcU1kUa', '2019-08-21 22:17:33', '2019-08-21 22:17:33'),
(72, 'Mr. Sammie Kihn', 'lowe.laurine@example.com', 'qnFTFYRfbq', 0, '2019-08-21 22:17:33', '$2y$10$92IXUNpkjO0rOQ5byMi.Ye4oKoEa3Ro9llC/.og/at2.uheWG/igi', 0, 'dYXeuELx7v', '2019-08-21 22:17:33', '2019-08-21 22:17:33'),
(73, 'Mr. German Kutch Sr.', 'hzulauf@example.com', 'k9stU87pTl', 0, '2019-08-21 22:17:33', '$2y$10$92IXUNpkjO0rOQ5byMi.Ye4oKoEa3Ro9llC/.og/at2.uheWG/igi', 0, 'GGWMqrNC0W', '2019-08-21 22:17:33', '2019-08-21 22:17:33'),
(74, 'Riley Pollich', 'cyril.lockman@example.net', '7vUA7AFti3', 0, '2019-08-21 22:17:33', '$2y$10$92IXUNpkjO0rOQ5byMi.Ye4oKoEa3Ro9llC/.og/at2.uheWG/igi', 0, 'HpiXsWOlfT', '2019-08-21 22:17:33', '2019-08-21 22:17:33'),
(75, 'Lavon Zieme', 'carole10@example.org', 'VJkSDCCmbS', 0, '2019-08-21 22:17:33', '$2y$10$92IXUNpkjO0rOQ5byMi.Ye4oKoEa3Ro9llC/.og/at2.uheWG/igi', 0, 'PhtYJvKiLb', '2019-08-21 22:17:33', '2019-08-21 22:17:33'),
(76, 'Adaline Mertz', 'hickle.karlee@example.net', 'fTgJCL9AS1', 0, '2019-08-21 22:17:33', '$2y$10$92IXUNpkjO0rOQ5byMi.Ye4oKoEa3Ro9llC/.og/at2.uheWG/igi', 0, 'TKiLcrNw1u', '2019-08-21 22:17:33', '2019-08-21 22:17:33'),
(77, 'Arden Watsica', 'gertrude.rath@example.com', 'hfozxQlv4W', 0, '2019-08-21 22:17:33', '$2y$10$92IXUNpkjO0rOQ5byMi.Ye4oKoEa3Ro9llC/.og/at2.uheWG/igi', 0, 'pwlOzy464H', '2019-08-21 22:17:33', '2019-08-21 22:17:33'),
(78, 'Rahsaan Beatty', 'usimonis@example.com', 'Irnn3SMXJ6', 0, '2019-08-21 22:17:33', '$2y$10$92IXUNpkjO0rOQ5byMi.Ye4oKoEa3Ro9llC/.og/at2.uheWG/igi', 0, 'm7zcA6pPGx', '2019-08-21 22:17:33', '2019-08-21 22:17:33'),
(79, 'Elena Gleason MD', 'grady.earlene@example.net', 'TrXeYDXEsT', 0, '2019-08-21 22:17:33', '$2y$10$92IXUNpkjO0rOQ5byMi.Ye4oKoEa3Ro9llC/.og/at2.uheWG/igi', 0, 'PQvwEx8hA9', '2019-08-21 22:17:33', '2019-08-21 22:17:33'),
(80, 'Theron Kuhlman', 'volkman.crystel@example.org', 'Ym5yDZNux0', 0, '2019-08-21 22:17:33', '$2y$10$92IXUNpkjO0rOQ5byMi.Ye4oKoEa3Ro9llC/.og/at2.uheWG/igi', 0, 'qOFtc5nFgm', '2019-08-21 22:17:33', '2019-08-21 22:17:33'),
(81, 'Lucienne Schumm', 'naomie.flatley@example.com', 'jQd5c8Qars', 0, '2019-08-21 22:17:33', '$2y$10$92IXUNpkjO0rOQ5byMi.Ye4oKoEa3Ro9llC/.og/at2.uheWG/igi', 0, 'iMC7szSAGS', '2019-08-21 22:17:33', '2019-08-21 22:17:33'),
(82, 'Matilde Morar MD', 'lockman.ansel@example.com', 'Ku7ltuKgpQ', 0, '2019-08-21 22:17:33', '$2y$10$92IXUNpkjO0rOQ5byMi.Ye4oKoEa3Ro9llC/.og/at2.uheWG/igi', 0, 'b9gOyqSC58', '2019-08-21 22:17:33', '2019-08-21 22:17:33'),
(83, 'Abdullah Torphy', 'udeckow@example.com', 'rSMUYeBXs1', 0, '2019-08-21 22:17:33', '$2y$10$92IXUNpkjO0rOQ5byMi.Ye4oKoEa3Ro9llC/.og/at2.uheWG/igi', 0, '3Kq4goqiOE', '2019-08-21 22:17:33', '2019-08-21 22:17:33'),
(84, 'Dr. Gaetano Terry', 'montana23@example.com', 'gxAtBQISWl', 0, '2019-08-21 22:17:33', '$2y$10$92IXUNpkjO0rOQ5byMi.Ye4oKoEa3Ro9llC/.og/at2.uheWG/igi', 0, 'zp46XBgJu3', '2019-08-21 22:17:33', '2019-08-21 22:17:33'),
(85, 'Erik Hodkiewicz V', 'sunny.pfeffer@example.com', '5KMteLlAwY', 0, '2019-08-21 22:17:33', '$2y$10$92IXUNpkjO0rOQ5byMi.Ye4oKoEa3Ro9llC/.og/at2.uheWG/igi', 0, 'M9aLwn7CsT', '2019-08-21 22:17:33', '2019-08-21 22:17:33'),
(86, 'Ryleigh Bins', 'jwill@example.org', 'TjKdzxDNLe', 0, '2019-08-21 22:17:33', '$2y$10$92IXUNpkjO0rOQ5byMi.Ye4oKoEa3Ro9llC/.og/at2.uheWG/igi', 0, 'XZqcg2x7P6', '2019-08-21 22:17:33', '2019-08-21 22:17:33'),
(87, 'Mose Gaylord', 'larson.dessie@example.net', 'IautEa9Cld', 0, '2019-08-21 22:17:33', '$2y$10$92IXUNpkjO0rOQ5byMi.Ye4oKoEa3Ro9llC/.og/at2.uheWG/igi', 0, 't01K0DPoJO', '2019-08-21 22:17:33', '2019-08-21 22:17:33'),
(88, 'Prof. Marjorie Brown', 'xhuels@example.com', 'vVCq3yDAWf', 0, '2019-08-21 22:17:33', '$2y$10$92IXUNpkjO0rOQ5byMi.Ye4oKoEa3Ro9llC/.og/at2.uheWG/igi', 0, 'DBqhNRP3Uy', '2019-08-21 22:17:33', '2019-08-21 22:17:33'),
(89, 'Lucious Anderson I', 'glen.pfeffer@example.org', 'sElq4O4AVl', 0, '2019-08-21 22:17:33', '$2y$10$92IXUNpkjO0rOQ5byMi.Ye4oKoEa3Ro9llC/.og/at2.uheWG/igi', 0, '77FgtBVdDE', '2019-08-21 22:17:33', '2019-08-21 22:17:33'),
(90, 'Benjamin Koss', 'dejah.armstrong@example.net', '7METDt7lsA', 0, '2019-08-21 22:17:33', '$2y$10$92IXUNpkjO0rOQ5byMi.Ye4oKoEa3Ro9llC/.og/at2.uheWG/igi', 0, '2pcI6cMs9p', '2019-08-21 22:17:33', '2019-08-21 22:17:33'),
(91, 'Rickey Gerlach', 'mcglynn.maybelle@example.com', '5vFvPJVK1B', 0, '2019-08-21 22:17:33', '$2y$10$92IXUNpkjO0rOQ5byMi.Ye4oKoEa3Ro9llC/.og/at2.uheWG/igi', 0, 'V2NwqbrQly', '2019-08-21 22:17:33', '2019-08-21 22:17:33'),
(92, 'Mrs. Katharina Connelly', 'elva.bailey@example.org', '8Lgyrs71jE', 0, '2019-08-21 22:17:33', '$2y$10$92IXUNpkjO0rOQ5byMi.Ye4oKoEa3Ro9llC/.og/at2.uheWG/igi', 0, 'IjVFRQdSSo', '2019-08-21 22:17:33', '2019-08-21 22:17:33'),
(93, 'Claudine Hane', 'feeney.hyman@example.net', 'dO6vCbokk4', 0, '2019-08-21 22:17:33', '$2y$10$92IXUNpkjO0rOQ5byMi.Ye4oKoEa3Ro9llC/.og/at2.uheWG/igi', 0, 'tnGCWL3cft', '2019-08-21 22:17:33', '2019-08-21 22:17:33'),
(94, 'Veda Reichert', 'tom63@example.net', 'RABYvwO13u', 0, '2019-08-21 22:17:33', '$2y$10$92IXUNpkjO0rOQ5byMi.Ye4oKoEa3Ro9llC/.og/at2.uheWG/igi', 0, 'HkcLDrs2uU', '2019-08-21 22:17:33', '2019-08-21 22:17:33'),
(95, 'Dr. Guiseppe Botsford', 'adrain.carroll@example.com', 'mywHAslf6E', 0, '2019-08-21 22:17:33', '$2y$10$92IXUNpkjO0rOQ5byMi.Ye4oKoEa3Ro9llC/.og/at2.uheWG/igi', 0, '1enMhVGFhX', '2019-08-21 22:17:33', '2019-08-21 22:17:33'),
(96, 'Adolph Feest', 'hjones@example.org', 'lnhq1tiRH2', 0, '2019-08-21 22:17:33', '$2y$10$92IXUNpkjO0rOQ5byMi.Ye4oKoEa3Ro9llC/.og/at2.uheWG/igi', 0, 'j6CRgajQH6', '2019-08-21 22:17:33', '2019-08-21 22:17:33'),
(97, 'Camden Mayer', 'medhurst.hobart@example.com', 'z1BB3qB5TM', 0, '2019-08-21 22:17:33', '$2y$10$92IXUNpkjO0rOQ5byMi.Ye4oKoEa3Ro9llC/.og/at2.uheWG/igi', 0, '0OgyKmkA38', '2019-08-21 22:17:33', '2019-08-21 22:17:33'),
(98, 'Rachel Friesen', 'rath.delphine@example.org', '3tASN5f4b2', 0, '2019-08-21 22:17:33', '$2y$10$92IXUNpkjO0rOQ5byMi.Ye4oKoEa3Ro9llC/.og/at2.uheWG/igi', 0, '1YjOKXKH6J', '2019-08-21 22:17:33', '2019-08-21 22:17:33'),
(99, 'Ashtyn Runolfsson', 'mollie.douglas@example.org', 'uUu9HIXVen', 0, '2019-08-21 22:17:33', '$2y$10$92IXUNpkjO0rOQ5byMi.Ye4oKoEa3Ro9llC/.og/at2.uheWG/igi', 0, 'O7AginG0I9', '2019-08-21 22:17:33', '2019-08-21 22:17:33'),
(100, 'Rylee Upton', 'crooks.adaline@example.org', 'JROGyxkCP7', 0, '2019-08-21 22:17:33', '$2y$10$92IXUNpkjO0rOQ5byMi.Ye4oKoEa3Ro9llC/.og/at2.uheWG/igi', 0, '4eTsuaeulB', '2019-08-21 22:17:33', '2019-08-21 22:17:33');
COMMIT;

/*!40101 SET CHARACTER_SET_CLIENT=@OLD_CHARACTER_SET_CLIENT */;
/*!40101 SET CHARACTER_SET_RESULTS=@OLD_CHARACTER_SET_RESULTS */;
/*!40101 SET COLLATION_CONNECTION=@OLD_COLLATION_CONNECTION */;
